Timestamp; Temperatuur
01.04.2019 00:00;-0,1
01.04.2019 01:00;-0,1
01.04.2019 02:00;-1,1
01.04.2019 03:00;-1,2
01.04.2019 04:00;-1,3
01.04.2019 05:00;-1,4
01.04.2019 06:00;-0,8
01.04.2019 07:00;-0,2
01.04.2019 08:00;0,4
01.04.2019 09:00;1,6
01.04.2019 10:00;2,9
01.04.2019 11:00;4,2
01.04.2019 12:00;4,7
01.04.2019 13:00;5,1
01.04.2019 14:00;5,6
01.04.2019 15:00;5,3
01.04.2019 16:00;5,1
01.04.2019 17:00;3,9
01.04.2019 18:00;3,9
01.04.2019 19:00;3,9
01.04.2019 20:00;-0,1
01.04.2019 21:00;-0,1
01.04.2019 22:00;-0,1
01.04.2019 23:00;-1,8
02.04.2019 00:00;-1,8
02.04.2019 01:00;-2,1
02.04.2019 02:00;-2,4
02.04.2019 03:00;-2,6
02.04.2019 04:00;-2,8
02.04.2019 05:00;-1,8
02.04.2019 06:00;-0,9
02.04.2019 07:00;0,1
02.04.2019 08:00;1,5
02.04.2019 09:00;2,9
02.04.2019 10:00;4,3
02.04.2019 11:00;5,2
02.04.2019 12:00;6,1
02.04.2019 13:00;7,1
02.04.2019 14:00;6,6
02.04.2019 15:00;6,6
02.04.2019 16:00;6,9
02.04.2019 17:00;6,9
02.04.2019 18:00;6,9
02.04.2019 19:00;1,7
02.04.2019 20:00;1,7
02.04.2019 21:00;1,7
02.04.2019 22:00;0,5
02.04.2019 23:00;0,5
03.04.2019 00:00;0,5
03.04.2019 01:00;-0,2
03.04.2019 02:00;-0,4
03.04.2019 03:00;-0,7
03.04.2019 04:00;-0,9
03.04.2019 05:00;0,1
03.04.2019 06:00;1,1
03.04.2019 07:00;2,2
03.04.2019 08:00;3,9
03.04.2019 09:00;5,7
03.04.2019 10:00;7,4
03.04.2019 11:00;8,2
03.04.2019 12:00;8,9
03.04.2019 13:00;9,6
03.04.2019 14:00;9,5
03.04.2019 15:00;9,5
03.04.2019 16:00;9,4
03.04.2019 17:00;9,4
03.04.2019 18:00;9,4
03.04.2019 19:00;5,2
03.04.2019 20:00;5,2
03.04.2019 21:00;5,2
03.04.2019 22:00;3,1
03.04.2019 23:00;3,1
04.04.2019 00:00;3,1
04.04.2019 01:00;0,9
04.04.2019 02:00;0,5
04.04.2019 03:00;0,1
04.04.2019 04:00;-0,3
04.04.2019 05:00;0,7
04.04.2019 06:00;1,8
04.04.2019 07:00;2,9
04.04.2019 08:00;4,7
04.04.2019 09:00;6,5
04.04.2019 10:00;8,4
04.04.2019 11:00;8,9
04.04.2019 12:00;9,4
04.04.2019 13:00;9,9
04.04.2019 14:00;9,7
04.04.2019 15:00;9,7
04.04.2019 16:00;9,9
04.04.2019 17:00;9,9
04.04.2019 18:00;9,9
04.04.2019 19:00;5
04.04.2019 20:00;5
04.04.2019 21:00;5
04.04.2019 22:00;2,9
04.04.2019 23:00;2,9
05.04.2019 00:00;2,9
05.04.2019 01:00;-0,1
05.04.2019 02:00;-0,5
05.04.2019 03:00;-0,8
05.04.2019 04:00;-1,2
05.04.2019 05:00;0,2
05.04.2019 06:00;1,5
05.04.2019 07:00;2,9
05.04.2019 08:00;4,9
05.04.2019 09:00;6,9
05.04.2019 10:00;8,9
05.04.2019 11:00;9,2
05.04.2019 12:00;9,6
05.04.2019 13:00;9,9
05.04.2019 14:00;9,7
05.04.2019 15:00;9,7
05.04.2019 16:00;8,9
05.04.2019 17:00;8,9
05.04.2019 18:00;8,9
05.04.2019 19:00;4
05.04.2019 20:00;4
05.04.2019 21:00;4
05.04.2019 22:00;1,4
05.04.2019 23:00;1,4
06.04.2019 00:00;1,4
06.04.2019 01:00;0,3
06.04.2019 02:00;0,1
06.04.2019 03:00;0
06.04.2019 04:00;-0,2
06.04.2019 05:00;1
06.04.2019 06:00;2,2
06.04.2019 07:00;3,4
06.04.2019 08:00;5,1
06.04.2019 09:00;6,8
06.04.2019 10:00;8,6
06.04.2019 11:00;9,1
06.04.2019 12:00;9,6
06.04.2019 13:00;10
06.04.2019 14:00;10
06.04.2019 15:00;10
06.04.2019 16:00;10,3
06.04.2019 17:00;10,3
06.04.2019 18:00;10,3
06.04.2019 19:00;5,9
06.04.2019 20:00;5,9
06.04.2019 21:00;5,9
06.04.2019 22:00;2,7
06.04.2019 23:00;2,7
07.04.2019 00:00;2,7
07.04.2019 01:00;1,9
07.04.2019 02:00;1,5
07.04.2019 03:00;1,2
07.04.2019 04:00;0,8
07.04.2019 05:00;2
07.04.2019 06:00;3,2
07.04.2019 07:00;4,5
07.04.2019 08:00;5,8
07.04.2019 09:00;7,1
07.04.2019 10:00;8,4
07.04.2019 11:00;9
07.04.2019 12:00;9,6
07.04.2019 13:00;10,3
07.04.2019 14:00;10
07.04.2019 15:00;10
07.04.2019 16:00;10,1
07.04.2019 17:00;10,1
07.04.2019 18:00;10,1
07.04.2019 19:00;7,2
07.04.2019 20:00;7,2
07.04.2019 21:00;7,2
07.04.2019 22:00;4,2
07.04.2019 23:00;4,2
08.04.2019 00:00;4,2
08.04.2019 01:00;2,8
08.04.2019 02:00;2,8
08.04.2019 03:00;2,7
08.04.2019 04:00;2,6
08.04.2019 05:00;3,5
08.04.2019 06:00;4,3
08.04.2019 07:00;5,2
08.04.2019 08:00;5,6
08.04.2019 09:00;6,1
08.04.2019 10:00;6,5
08.04.2019 11:00;7,3
08.04.2019 12:00;8,2
08.04.2019 13:00;9
08.04.2019 14:00;8,9
08.04.2019 15:00;8,9
08.04.2019 16:00;7,3
08.04.2019 17:00;7,3
08.04.2019 18:00;7,3
08.04.2019 19:00;4
08.04.2019 20:00;4
08.04.2019 21:00;4
08.04.2019 22:00;1,6
08.04.2019 23:00;1,6
09.04.2019 00:00;1,6
09.04.2019 01:00;1,6
09.04.2019 02:00;1,5
09.04.2019 03:00;1,4
09.04.2019 04:00;1,3
09.04.2019 05:00;1,6
09.04.2019 06:00;1,8
09.04.2019 07:00;2
09.04.2019 08:00;2,4
09.04.2019 09:00;2,9
09.04.2019 10:00;3,3
09.04.2019 11:00;3,5
09.04.2019 12:00;3,8
09.04.2019 13:00;4
09.04.2019 14:00;3,9
09.04.2019 15:00;3,9
09.04.2019 16:00;3,4
09.04.2019 17:00;3,4
09.04.2019 18:00;3,4
09.04.2019 19:00;2,1
09.04.2019 20:00;2,1
09.04.2019 21:00;2,1
09.04.2019 22:00;0,7
09.04.2019 23:00;0,7
10.04.2019 00:00;0,7
10.04.2019 01:00;1
10.04.2019 02:00;0,8
10.04.2019 03:00;0,7
10.04.2019 04:00;0,5
10.04.2019 05:00;0,9
10.04.2019 06:00;1,3
10.04.2019 07:00;1,7
10.04.2019 08:00;2,2
10.04.2019 09:00;2,8
10.04.2019 10:00;3,3
10.04.2019 11:00;3,8
10.04.2019 12:00;4,2
10.04.2019 13:00;4,7
10.04.2019 14:00;4,6
10.04.2019 15:00;4,6
10.04.2019 16:00;2,7
10.04.2019 17:00;2,7
10.04.2019 18:00;2,7
10.04.2019 19:00;1,3
10.04.2019 20:00;1,3
10.04.2019 21:00;1,3
10.04.2019 22:00;-0,1
10.04.2019 23:00;-0,1
11.04.2019 00:00;-0,1
11.04.2019 01:00;-2,2
11.04.2019 02:00;-2,2
11.04.2019 03:00;-2,2
11.04.2019 04:00;-2,2
11.04.2019 05:00;-1,8
11.04.2019 06:00;-1,4
11.04.2019 07:00;-1,1
11.04.2019 08:00;-0,6
11.04.2019 09:00;-0,1
11.04.2019 10:00;0,3
11.04.2019 11:00;0,8
11.04.2019 12:00;1,2
11.04.2019 13:00;1,6
11.04.2019 14:00;1,1
11.04.2019 15:00;1,1
11.04.2019 16:00;0,7
11.04.2019 17:00;0,7
11.04.2019 18:00;0,7
11.04.2019 19:00;-0,6
11.04.2019 20:00;-0,6
11.04.2019 21:00;-0,6
11.04.2019 22:00;-2
11.04.2019 23:00;-2
12.04.2019 00:00;-2
12.04.2019 01:00;-2,9
12.04.2019 02:00;-3
12.04.2019 03:00;-3,1
12.04.2019 04:00;-3,2
12.04.2019 05:00;-2,5
12.04.2019 06:00;-1,9
12.04.2019 07:00;-1,2
12.04.2019 08:00;-0,3
12.04.2019 09:00;0,6
12.04.2019 10:00;1,5
12.04.2019 11:00;1,9
12.04.2019 12:00;2,3
12.04.2019 13:00;2,7
12.04.2019 14:00;2,6
12.04.2019 15:00;2,6
12.04.2019 16:00;2,6
12.04.2019 17:00;2,6
12.04.2019 18:00;2,6
12.04.2019 19:00;0,2
12.04.2019 20:00;0,2
12.04.2019 21:00;0,2
12.04.2019 22:00;-2,2
12.04.2019 23:00;-2,2
13.04.2019 00:00;-2,2
13.04.2019 01:00;-1,9
13.04.2019 02:00;-2
13.04.2019 03:00;-2,1
13.04.2019 04:00;-2,2
13.04.2019 05:00;-1,1
13.04.2019 06:00;-0,1
13.04.2019 07:00;0,9
13.04.2019 08:00;1,9
13.04.2019 09:00;2,9
13.04.2019 10:00;3,9
13.04.2019 11:00;4,3
13.04.2019 12:00;4,6
13.04.2019 13:00;4,9
13.04.2019 14:00;5
13.04.2019 15:00;5
13.04.2019 16:00;4,7
13.04.2019 17:00;4,7
13.04.2019 18:00;4,7
13.04.2019 19:00;2,5
13.04.2019 20:00;2,5
13.04.2019 21:00;2,5
13.04.2019 22:00;1,2
13.04.2019 23:00;1,2
14.04.2019 00:00;1,2
14.04.2019 01:00;0,4
14.04.2019 02:00;0,1
14.04.2019 03:00;-0,2
14.04.2019 04:00;-0,6
14.04.2019 05:00;0,2
14.04.2019 06:00;1
14.04.2019 07:00;1,8
14.04.2019 08:00;3
14.04.2019 09:00;4,1
14.04.2019 10:00;5,2
14.04.2019 11:00;5,5
14.04.2019 12:00;5,7
14.04.2019 13:00;6
14.04.2019 14:00;5,8
14.04.2019 15:00;5,8
14.04.2019 16:00;5,5
14.04.2019 17:00;5,5
14.04.2019 18:00;5,5
14.04.2019 19:00;2,6
14.04.2019 20:00;2,6
14.04.2019 21:00;2,6
14.04.2019 22:00;1,4
14.04.2019 23:00;1,4
15.04.2019 00:00;1,4
15.04.2019 01:00;-0,3
15.04.2019 02:00;-0,6
15.04.2019 03:00;-0,9
15.04.2019 04:00;-1,3
15.04.2019 05:00;0
15.04.2019 06:00;1,3
15.04.2019 07:00;2,6
15.04.2019 08:00;4,1
15.04.2019 09:00;5,5
15.04.2019 10:00;7
15.04.2019 11:00;7,5
15.04.2019 12:00;8,1
15.04.2019 13:00;8,6
15.04.2019 14:00;8,4
15.04.2019 15:00;8,4
15.04.2019 16:00;8,2
15.04.2019 17:00;8,2
15.04.2019 18:00;8,2
15.04.2019 19:00;4,3
15.04.2019 20:00;4,3
15.04.2019 21:00;4,3
15.04.2019 22:00;3,3
15.04.2019 23:00;3,3
16.04.2019 00:00;3,3
16.04.2019 01:00;1
16.04.2019 02:00;0,6
16.04.2019 03:00;0,2
16.04.2019 04:00;-0,1
16.04.2019 05:00;1,4
16.04.2019 06:00;2,8
16.04.2019 07:00;4,3
16.04.2019 08:00;6,1
16.04.2019 09:00;7,8
16.04.2019 10:00;9,6
16.04.2019 11:00;10,2
16.04.2019 12:00;10,9
16.04.2019 13:00;11,6
16.04.2019 14:00;11,3
16.04.2019 15:00;11,3
16.04.2019 16:00;11,6
16.04.2019 17:00;11,6
16.04.2019 18:00;11,6
16.04.2019 19:00;6,8
16.04.2019 20:00;6,8
16.04.2019 21:00;6,8
16.04.2019 22:00;4,7
16.04.2019 23:00;4,7
17.04.2019 00:00;4,7
17.04.2019 01:00;1,9
17.04.2019 02:00;1,2
17.04.2019 03:00;0,6
17.04.2019 04:00;-0,1
17.04.2019 05:00;1,3
17.04.2019 06:00;2,8
17.04.2019 07:00;4,2
17.04.2019 08:00;5,8
17.04.2019 09:00;7,4
17.04.2019 10:00;9
17.04.2019 11:00;9,6
17.04.2019 12:00;10,1
17.04.2019 13:00;10,7
17.04.2019 14:00;11,4
17.04.2019 15:00;11,4
17.04.2019 16:00;11,6
17.04.2019 17:00;11,6
17.04.2019 18:00;11,6
17.04.2019 19:00;6,9
17.04.2019 20:00;6,9
17.04.2019 21:00;6,9
17.04.2019 22:00;4,8
17.04.2019 23:00;4,8
18.04.2019 00:00;4,8
18.04.2019 01:00;1,3
18.04.2019 02:00;1
18.04.2019 03:00;0,7
18.04.2019 04:00;0,5
18.04.2019 05:00;2,2
18.04.2019 06:00;3,9
18.04.2019 07:00;5,6
18.04.2019 08:00;7,7
18.04.2019 09:00;9,8
18.04.2019 10:00;12
18.04.2019 11:00;12,4
18.04.2019 12:00;12,9
18.04.2019 13:00;13,4
18.04.2019 14:00;11,9
18.04.2019 15:00;11,9
18.04.2019 16:00;12,7
18.04.2019 17:00;12,7
18.04.2019 18:00;12,7
18.04.2019 19:00;7,9
18.04.2019 20:00;7,9
18.04.2019 21:00;7,9
18.04.2019 22:00;4,2
18.04.2019 23:00;4,2
19.04.2019 00:00;4,2
19.04.2019 01:00;2,8
19.04.2019 02:00;2
19.04.2019 03:00;1,1
19.04.2019 04:00;0,2
19.04.2019 05:00;2,3
19.04.2019 06:00;4,4
19.04.2019 07:00;6,5
19.04.2019 08:00;8,4
19.04.2019 09:00;10,4
19.04.2019 10:00;12,3
19.04.2019 11:00;13,2
19.04.2019 12:00;14,1
19.04.2019 13:00;14,9
19.04.2019 14:00;14,9
19.04.2019 15:00;14,9
19.04.2019 16:00;14,5
19.04.2019 17:00;14,5
19.04.2019 18:00;14,5
19.04.2019 19:00;10,8
19.04.2019 20:00;10,8
19.04.2019 21:00;10,8
19.04.2019 22:00;8,1
19.04.2019 23:00;8,1
20.04.2019 00:00;8,1
20.04.2019 01:00;6,1
20.04.2019 02:00;5,7
20.04.2019 03:00;5,2
20.04.2019 04:00;4,7
20.04.2019 05:00;6
20.04.2019 06:00;7,2
20.04.2019 07:00;8,4
20.04.2019 08:00;9,5
20.04.2019 09:00;10,5
20.04.2019 10:00;11,6
20.04.2019 11:00;11,9
20.04.2019 12:00;12,3
20.04.2019 13:00;12,6
20.04.2019 14:00;13
20.04.2019 15:00;13
20.04.2019 16:00;10,4
20.04.2019 17:00;10,4
20.04.2019 18:00;10,4
20.04.2019 19:00;8,3
20.04.2019 20:00;8,3
20.04.2019 21:00;8,3
20.04.2019 22:00;5,2
20.04.2019 23:00;5,2
21.04.2019 00:00;5,2
21.04.2019 01:00;2,9
21.04.2019 02:00;2
21.04.2019 03:00;1
21.04.2019 04:00;0,1
21.04.2019 05:00;2
21.04.2019 06:00;4
21.04.2019 07:00;5,9
21.04.2019 08:00;7,5
21.04.2019 09:00;9
21.04.2019 10:00;10,5
21.04.2019 11:00;11,4
21.04.2019 12:00;12,3
21.04.2019 13:00;13,2
21.04.2019 14:00;12,8
21.04.2019 15:00;12,8
21.04.2019 16:00;13,8
21.04.2019 17:00;13,8
21.04.2019 18:00;13,8
21.04.2019 19:00;9,4
21.04.2019 20:00;9,4
21.04.2019 21:00;9,4
21.04.2019 22:00;5,5
21.04.2019 23:00;5,5
22.04.2019 00:00;5,5
22.04.2019 01:00;3,4
22.04.2019 02:00;3
22.04.2019 03:00;2,5
22.04.2019 04:00;2,1
22.04.2019 05:00;4,9
22.04.2019 06:00;7,7
22.04.2019 07:00;10,5
22.04.2019 08:00;12,3
22.04.2019 09:00;14,1
22.04.2019 10:00;15,9
22.04.2019 11:00;16,7
22.04.2019 12:00;17,5
22.04.2019 13:00;18,2
22.04.2019 14:00;17,7
22.04.2019 15:00;17,7
22.04.2019 16:00;17,8
22.04.2019 17:00;17,8
22.04.2019 18:00;17,8
22.04.2019 19:00;13,4
22.04.2019 20:00;13,4
22.04.2019 21:00;13,4
22.04.2019 22:00;9,2
22.04.2019 23:00;9,2
23.04.2019 00:00;9,2
23.04.2019 01:00;7,3
23.04.2019 02:00;6,6
23.04.2019 03:00;5,9
23.04.2019 04:00;5,3
23.04.2019 05:00;7,6
23.04.2019 06:00;10
23.04.2019 07:00;12,4
23.04.2019 08:00;14
23.04.2019 09:00;15,7
23.04.2019 10:00;17,4
23.04.2019 11:00;18
23.04.2019 12:00;18,6
23.04.2019 13:00;19,2
23.04.2019 14:00;18,8
23.04.2019 15:00;18,8
23.04.2019 16:00;18,7
23.04.2019 17:00;18,7
23.04.2019 18:00;18,7
23.04.2019 19:00;14,7
23.04.2019 20:00;14,7
23.04.2019 21:00;14,7
23.04.2019 22:00;9,8
23.04.2019 23:00;9,8
24.04.2019 00:00;9,8
24.04.2019 01:00;7
24.04.2019 02:00;5,8
24.04.2019 03:00;4,7
24.04.2019 04:00;3,5
24.04.2019 05:00;7
24.04.2019 06:00;10,4
24.04.2019 07:00;13,8
24.04.2019 08:00;15,8
24.04.2019 09:00;17,8
24.04.2019 10:00;19,7
24.04.2019 11:00;20,2
24.04.2019 12:00;20,6
24.04.2019 13:00;21,1
24.04.2019 14:00;20,9
24.04.2019 15:00;20,9
24.04.2019 16:00;20,8
24.04.2019 17:00;20,8
24.04.2019 18:00;20,8
24.04.2019 19:00;15,5
24.04.2019 20:00;15,5
24.04.2019 21:00;15,5
24.04.2019 22:00;11,4
24.04.2019 23:00;11,4
25.04.2019 00:00;11,4
25.04.2019 01:00;8,2
25.04.2019 02:00;7,6
25.04.2019 03:00;6,9
25.04.2019 04:00;6,3
25.04.2019 05:00;9
25.04.2019 06:00;11,8
25.04.2019 07:00;14,5
25.04.2019 08:00;16,1
25.04.2019 09:00;17,8
25.04.2019 10:00;19,4
25.04.2019 11:00;20,1
25.04.2019 12:00;20,8
25.04.2019 13:00;21,5
25.04.2019 14:00;21,9
25.04.2019 15:00;21,9
25.04.2019 16:00;21,8
25.04.2019 17:00;21,8
25.04.2019 18:00;21,8
25.04.2019 19:00;17,3
25.04.2019 20:00;17,3
25.04.2019 21:00;17,3
25.04.2019 22:00;12,8
25.04.2019 23:00;12,8
26.04.2019 00:00;12,8
26.04.2019 01:00;10,7
26.04.2019 02:00;9,8
26.04.2019 03:00;8,9
26.04.2019 04:00;8
26.04.2019 05:00;10,3
26.04.2019 06:00;12,6
26.04.2019 07:00;14,9
26.04.2019 08:00;16,1
26.04.2019 09:00;17,4
26.04.2019 10:00;18,6
26.04.2019 11:00;19,2
26.04.2019 12:00;19,7
26.04.2019 13:00;20,3
26.04.2019 14:00;18,7
26.04.2019 15:00;18,7
26.04.2019 16:00;18,4
26.04.2019 17:00;18,4
26.04.2019 18:00;18,4
26.04.2019 19:00;15,4
26.04.2019 20:00;15,4
26.04.2019 21:00;15,4
26.04.2019 22:00;12,8
26.04.2019 23:00;12,8
27.04.2019 00:00;12,8
27.04.2019 01:00;10,9
27.04.2019 02:00;10
27.04.2019 03:00;9,1
27.04.2019 04:00;8,3
27.04.2019 05:00;10,5
27.04.2019 06:00;12,7
27.04.2019 07:00;14,9
27.04.2019 08:00;16,2
27.04.2019 09:00;17,5
27.04.2019 10:00;18,8
27.04.2019 11:00;19,1
27.04.2019 12:00;19,3
27.04.2019 13:00;19,5
27.04.2019 14:00;18,9
27.04.2019 15:00;18,9
27.04.2019 16:00;21,3
27.04.2019 17:00;21,3
27.04.2019 18:00;21,3
27.04.2019 19:00;16,8
27.04.2019 20:00;16,8
27.04.2019 21:00;16,8
27.04.2019 22:00;12,4
27.04.2019 23:00;12,4
28.04.2019 00:00;12,4
28.04.2019 01:00;10,6
28.04.2019 02:00;9
28.04.2019 03:00;7,4
28.04.2019 04:00;5,8
28.04.2019 05:00;6,8
28.04.2019 06:00;7,9
28.04.2019 07:00;8,9
28.04.2019 08:00;9,9
28.04.2019 09:00;11
28.04.2019 10:00;12
28.04.2019 11:00;12,6
28.04.2019 12:00;13,2
28.04.2019 13:00;13,7
28.04.2019 14:00;13,1
28.04.2019 15:00;13,1
28.04.2019 16:00;13,2
28.04.2019 17:00;13,2
28.04.2019 18:00;13,2
28.04.2019 19:00;9,6
28.04.2019 20:00;9,6
28.04.2019 21:00;9,6
28.04.2019 22:00;5,9
28.04.2019 23:00;5,9
29.04.2019 00:00;5,9
29.04.2019 01:00;3
29.04.2019 02:00;2,1
29.04.2019 03:00;1,2
29.04.2019 04:00;0,3
29.04.2019 05:00;2,5
29.04.2019 06:00;4,7
29.04.2019 07:00;6,8
29.04.2019 08:00;8,4
29.04.2019 09:00;9,9
29.04.2019 10:00;11,4
29.04.2019 11:00;11,9
29.04.2019 12:00;12,4
29.04.2019 13:00;13
29.04.2019 14:00;13
29.04.2019 15:00;13
29.04.2019 16:00;13,4
29.04.2019 17:00;13,4
29.04.2019 18:00;13,4
29.04.2019 19:00;9,4
29.04.2019 20:00;9,4
29.04.2019 21:00;9,4
29.04.2019 22:00;5,8
29.04.2019 23:00;5,8
30.04.2019 00:00;5,8
30.04.2019 01:00;3,3
30.04.2019 02:00;2,4
30.04.2019 03:00;1,6
30.04.2019 04:00;0,7
30.04.2019 05:00;3,2
30.04.2019 06:00;5,7
30.04.2019 07:00;8,2
30.04.2019 08:00;9,5
30.04.2019 09:00;10,8
30.04.2019 10:00;12
30.04.2019 11:00;12,6
30.04.2019 12:00;13,1
30.04.2019 13:00;13,7
30.04.2019 14:00;13,2
30.04.2019 15:00;13,2
30.04.2019 16:00;13,4
30.04.2019 17:00;13,4
30.04.2019 18:00;13,4
30.04.2019 19:00;10,6
30.04.2019 20:00;10,6
30.04.2019 21:00;10,6
30.04.2019 22:00;5,6
30.04.2019 23:00;5,6
01.05.2019 00:00;5,6
01.05.2019 01:00;2,7
01.05.2019 02:00;2
01.05.2019 03:00;1,4
01.05.2019 04:00;0,7
01.05.2019 05:00;4
01.05.2019 06:00;7,3
01.05.2019 07:00;10,6
01.05.2019 08:00;12,1
01.05.2019 09:00;13,7
01.05.2019 10:00;15,2
01.05.2019 11:00;15,5
01.05.2019 12:00;15,9
01.05.2019 13:00;16,2
01.05.2019 14:00;15,9
01.05.2019 15:00;15,9
01.05.2019 16:00;16,1
01.05.2019 17:00;16,1
01.05.2019 18:00;16,1
01.05.2019 19:00;12,5
01.05.2019 20:00;12,5
01.05.2019 21:00;12,5
01.05.2019 22:00;7,9
01.05.2019 23:00;7,9
02.05.2019 00:00;7,9
02.05.2019 01:00;7,1
02.05.2019 02:00;6,8
02.05.2019 03:00;6,6
02.05.2019 04:00;6,4
02.05.2019 05:00;7,4
02.05.2019 06:00;8,3
02.05.2019 07:00;9,3
02.05.2019 08:00;9,2
02.05.2019 09:00;9,1
02.05.2019 10:00;9,1
02.05.2019 11:00;9,4
02.05.2019 12:00;9,7
02.05.2019 13:00;9,8
02.05.2019 14:00;9,8
02.05.2019 15:00;9,8
02.05.2019 16:00;8,9
02.05.2019 17:00;8,9
02.05.2019 18:00;8,9
02.05.2019 19:00;6,3
02.05.2019 20:00;6,3
02.05.2019 21:00;6,3
02.05.2019 22:00;3,2
02.05.2019 23:00;3,2
03.05.2019 00:00;3,2
03.05.2019 01:00;1,8
03.05.2019 02:00;1,1
03.05.2019 03:00;0,5
03.05.2019 04:00;-0,1
03.05.2019 05:00;0,7
03.05.2019 06:00;1,6
03.05.2019 07:00;2,4
03.05.2019 08:00;3,1
03.05.2019 09:00;3,8
03.05.2019 10:00;4,5
03.05.2019 11:00;4,8
03.05.2019 12:00;5,2
03.05.2019 13:00;5,6
03.05.2019 14:00;6,1
03.05.2019 15:00;6,1
03.05.2019 16:00;6,6
03.05.2019 17:00;6,6
03.05.2019 18:00;6,6
03.05.2019 19:00;3,9
03.05.2019 20:00;3,9
03.05.2019 21:00;3,9
03.05.2019 22:00;0,3
03.05.2019 23:00;0,3
04.05.2019 00:00;0,3
04.05.2019 01:00;-2
04.05.2019 02:00;-2,3
04.05.2019 03:00;-2,7
04.05.2019 04:00;-3,1
04.05.2019 05:00;-0,8
04.05.2019 06:00;1,6
04.05.2019 07:00;3,9
04.05.2019 08:00;5,4
04.05.2019 09:00;6,9
04.05.2019 10:00;8,4
04.05.2019 11:00;8,9
04.05.2019 12:00;9,4
04.05.2019 13:00;9,9
04.05.2019 14:00;8,4
04.05.2019 15:00;8,4
04.05.2019 16:00;9,1
04.05.2019 17:00;9,1
04.05.2019 18:00;9,1
04.05.2019 19:00;6,2
04.05.2019 20:00;6,2
04.05.2019 21:00;6,2
04.05.2019 22:00;3,2
04.05.2019 23:00;3,2
05.05.2019 00:00;3,2
05.05.2019 01:00;1,6
05.05.2019 02:00;1
05.05.2019 03:00;0,5
05.05.2019 04:00;-0,1
05.05.2019 05:00;1,8
05.05.2019 06:00;3,7
05.05.2019 07:00;5,6
05.05.2019 08:00;6,5
05.05.2019 09:00;7,4
05.05.2019 10:00;8,2
05.05.2019 11:00;8,5
05.05.2019 12:00;8,9
05.05.2019 13:00;9,2
05.05.2019 14:00;10,3
05.05.2019 15:00;10,3
05.05.2019 16:00;10,5
05.05.2019 17:00;10,5
05.05.2019 18:00;10,5
05.05.2019 19:00;7,8
05.05.2019 20:00;7,8
05.05.2019 21:00;7,8
05.05.2019 22:00;5
05.05.2019 23:00;5
06.05.2019 00:00;5
06.05.2019 01:00;0
06.05.2019 02:00;-0,3
06.05.2019 03:00;-0,6
06.05.2019 04:00;-0,9
06.05.2019 05:00;1,2
06.05.2019 06:00;3,3
06.05.2019 07:00;5,5
06.05.2019 08:00;6,6
06.05.2019 09:00;7,7
06.05.2019 10:00;8,8
06.05.2019 11:00;9,1
06.05.2019 12:00;9,4
06.05.2019 13:00;9,7
06.05.2019 14:00;9,4
06.05.2019 15:00;9,4
06.05.2019 16:00;9,8
06.05.2019 17:00;9,8
06.05.2019 18:00;9,8
06.05.2019 19:00;6,8
06.05.2019 20:00;6,8
06.05.2019 21:00;6,8
06.05.2019 22:00;5,2
06.05.2019 23:00;5,2
07.05.2019 00:00;5,3
07.05.2019 01:00;3,7
07.05.2019 02:00;3,3
07.05.2019 03:00;2,9
07.05.2019 04:00;2,6
07.05.2019 05:00;3,8
07.05.2019 06:00;5
07.05.2019 07:00;6,2
07.05.2019 08:00;6,8
07.05.2019 09:00;7,5
07.05.2019 10:00;8,1
07.05.2019 11:00;8,6
07.05.2019 12:00;9,1
07.05.2019 13:00;9,6
07.05.2019 14:00;10,6
07.05.2019 15:00;10,6
07.05.2019 16:00;10,4
07.05.2019 17:00;10,4
07.05.2019 18:00;10,4
07.05.2019 19:00;7,8
07.05.2019 20:00;7,8
07.05.2019 21:00;7,8
07.05.2019 22:00;3,6
07.05.2019 23:00;3,6
08.05.2019 00:00;3,6
08.05.2019 01:00;0,8
08.05.2019 02:00;0,7
08.05.2019 03:00;0,5
08.05.2019 04:00;0,4
08.05.2019 05:00;2,5
08.05.2019 06:00;4,6
08.05.2019 07:00;6,8
08.05.2019 08:00;8
08.05.2019 09:00;9,3
08.05.2019 10:00;10,5
08.05.2019 11:00;10,7
08.05.2019 12:00;10,8
08.05.2019 13:00;11
08.05.2019 14:00;10,5
08.05.2019 15:00;10,5
08.05.2019 16:00;10,9
08.05.2019 17:00;10,9
08.05.2019 18:00;10,9
08.05.2019 19:00;8,3
08.05.2019 20:00;8,3
08.05.2019 21:00;8,3
08.05.2019 22:00;4,8
08.05.2019 23:00;4,8
09.05.2019 00:00;4,8
09.05.2019 01:00;2
09.05.2019 02:00;1,8
09.05.2019 03:00;1,6
09.05.2019 04:00;1,4
09.05.2019 05:00;4,1
09.05.2019 06:00;6,9
09.05.2019 07:00;9,6
09.05.2019 08:00;10,9
09.05.2019 09:00;12,2
09.05.2019 10:00;13,4
09.05.2019 11:00;13,9
09.05.2019 12:00;14,4
09.05.2019 13:00;14,8
09.05.2019 14:00;14,5
09.05.2019 15:00;14,5
09.05.2019 16:00;15,3
09.05.2019 17:00;15,3
09.05.2019 18:00;15,3
09.05.2019 19:00;12,5
09.05.2019 20:00;12,5
09.05.2019 21:00;12,5
09.05.2019 22:00;9,7
09.05.2019 23:00;9,7
10.05.2019 00:00;9,7
10.05.2019 01:00;6,6
10.05.2019 02:00;6,4
10.05.2019 03:00;6,2
10.05.2019 04:00;6
10.05.2019 05:00;7,4
10.05.2019 06:00;8,7
10.05.2019 07:00;10
10.05.2019 08:00;10,9
10.05.2019 09:00;11,9
10.05.2019 10:00;12,8
10.05.2019 11:00;13,3
10.05.2019 12:00;13,7
10.05.2019 13:00;14,2
10.05.2019 14:00;15,1
10.05.2019 15:00;15,1
10.05.2019 16:00;15,4
10.05.2019 17:00;15,4
10.05.2019 18:00;15,4
10.05.2019 19:00;13
10.05.2019 20:00;13
10.05.2019 21:00;13
10.05.2019 22:00;10,5
10.05.2019 23:00;10,5
11.05.2019 00:00;10,5
11.05.2019 01:00;8,5
11.05.2019 02:00;8,4
11.05.2019 03:00;8,3
11.05.2019 04:00;8,2
11.05.2019 05:00;9,8
11.05.2019 06:00;11,4
11.05.2019 07:00;13
11.05.2019 08:00;13,9
11.05.2019 09:00;14,9
11.05.2019 10:00;15,8
11.05.2019 11:00;15,8
11.05.2019 12:00;15,7
11.05.2019 13:00;15,7
11.05.2019 14:00;17,2
11.05.2019 15:00;17,2
11.05.2019 16:00;16,9
11.05.2019 17:00;16,9
11.05.2019 18:00;16,9
11.05.2019 19:00;14
11.05.2019 20:00;14
11.05.2019 21:00;14
11.05.2019 22:00;11,4
11.05.2019 23:00;11,4
12.05.2019 00:00;11,4
12.05.2019 01:00;8,3
12.05.2019 02:00;7,9
12.05.2019 03:00;7,6
12.05.2019 04:00;7,2
12.05.2019 05:00;8,5
12.05.2019 06:00;9,8
12.05.2019 07:00;11,2
12.05.2019 08:00;12,4
12.05.2019 09:00;13,7
12.05.2019 10:00;15
12.05.2019 11:00;15,8
12.05.2019 12:00;16,5
12.05.2019 13:00;17,2
12.05.2019 14:00;17,6
12.05.2019 15:00;17,6
12.05.2019 16:00;18,6
12.05.2019 17:00;18,6
12.05.2019 18:00;18,6
12.05.2019 19:00;14,4
12.05.2019 20:00;14,4
12.05.2019 21:00;14,4
12.05.2019 22:00;9,4
12.05.2019 23:00;9,4
13.05.2019 00:00;9,4
13.05.2019 01:00;8,5
13.05.2019 02:00;8,2
13.05.2019 03:00;7,9
13.05.2019 04:00;7,6
13.05.2019 05:00;9,1
13.05.2019 06:00;10,5
13.05.2019 07:00;11,9
13.05.2019 08:00;12,8
13.05.2019 09:00;13,7
13.05.2019 10:00;14,6
13.05.2019 11:00;14,8
13.05.2019 12:00;15
13.05.2019 13:00;15,2
13.05.2019 14:00;16,2
13.05.2019 15:00;16,2
13.05.2019 16:00;14,9
13.05.2019 17:00;14,9
13.05.2019 18:00;14,9
13.05.2019 19:00;11,5
13.05.2019 20:00;11,5
13.05.2019 21:00;11,5
13.05.2019 22:00;8,9
13.05.2019 23:00;8,9
14.05.2019 00:00;8,9
14.05.2019 01:00;7,7
14.05.2019 02:00;7,5
14.05.2019 03:00;7,3
14.05.2019 04:00;7,1
14.05.2019 05:00;7,5
14.05.2019 06:00;8
14.05.2019 07:00;8,5
14.05.2019 08:00;9
14.05.2019 09:00;9,5
14.05.2019 10:00;10
14.05.2019 11:00;10,6
14.05.2019 12:00;11,2
14.05.2019 13:00;11,8
14.05.2019 14:00;12,9
14.05.2019 15:00;12,9
14.05.2019 16:00;11,9
14.05.2019 17:00;11,9
14.05.2019 18:00;11,9
14.05.2019 19:00;9,2
14.05.2019 20:00;9,2
14.05.2019 21:00;9,2
14.05.2019 22:00;5,9
14.05.2019 23:00;5,9
15.05.2019 00:00;5,9
15.05.2019 01:00;3,4
15.05.2019 02:00;3,1
15.05.2019 03:00;2,9
15.05.2019 04:00;2,7
15.05.2019 05:00;4,9
15.05.2019 06:00;7,2
15.05.2019 07:00;9,4
15.05.2019 08:00;10,2
15.05.2019 09:00;11
15.05.2019 10:00;11,7
15.05.2019 11:00;12,2
15.05.2019 12:00;12,7
15.05.2019 13:00;13,1
15.05.2019 14:00;14,3
15.05.2019 15:00;14,3
15.05.2019 16:00;14,9
15.05.2019 17:00;14,9
15.05.2019 18:00;14,9
15.05.2019 19:00;11,4
15.05.2019 20:00;11,4
15.05.2019 21:00;11,4
15.05.2019 22:00;8,5
15.05.2019 23:00;8,5
16.05.2019 00:00;8,5
16.05.2019 01:00;6,3
16.05.2019 02:00;6,3
16.05.2019 03:00;6,3
16.05.2019 04:00;5,3
16.05.2019 05:00;5,3
16.05.2019 06:00;5,3
16.05.2019 07:00;11,9
16.05.2019 08:00;11,9
16.05.2019 09:00;11,9
16.05.2019 10:00;14,3
16.05.2019 11:00;14,3
16.05.2019 12:00;14,3
16.05.2019 13:00;15,2
16.05.2019 14:00;15,2
16.05.2019 15:00;15,2
16.05.2019 16:00;15,5
16.05.2019 17:00;15,5
16.05.2019 18:00;15,5
16.05.2019 19:00;12,1
16.05.2019 20:00;12,1
16.05.2019 21:00;12,1
16.05.2019 22:00;8,7
16.05.2019 23:00;8,7
17.05.2019 00:00;8,7
17.05.2019 01:00;6,8
17.05.2019 02:00;6,8
17.05.2019 03:00;6,8
17.05.2019 04:00;6,2
17.05.2019 05:00;6,2
17.05.2019 06:00;6,2
17.05.2019 07:00;11,9
17.05.2019 08:00;11,9
17.05.2019 09:00;11,9
17.05.2019 10:00;15,1
17.05.2019 11:00;15,1
17.05.2019 12:00;15,1
17.05.2019 13:00;16,5
17.05.2019 14:00;16,5
17.05.2019 15:00;16,5
17.05.2019 16:00;16,6
17.05.2019 17:00;16,6
17.05.2019 18:00;16,6
17.05.2019 19:00;13,2
17.05.2019 20:00;13,2
17.05.2019 21:00;13,2
17.05.2019 22:00;9,5
17.05.2019 23:00;9,5
18.05.2019 00:00;9,5
18.05.2019 01:00;9,5
18.05.2019 02:00;8,2
18.05.2019 03:00;7,9
18.05.2019 04:00;7,6
18.05.2019 05:00;7,3
18.05.2019 06:00;9,8
18.05.2019 07:00;12,3
18.05.2019 08:00;14,8
18.05.2019 09:00;16,2
18.05.2019 10:00;17,6
18.05.2019 11:00;19
18.05.2019 12:00;19,4
18.05.2019 13:00;19,7
18.05.2019 14:00;20
18.05.2019 15:00;19,2
18.05.2019 16:00;19,2
18.05.2019 17:00;19,9
18.05.2019 18:00;19,9
18.05.2019 19:00;19,9
18.05.2019 20:00;15,8
18.05.2019 21:00;15,8
18.05.2019 22:00;15,8
18.05.2019 23:00;12
19.05.2019 00:00;12
19.05.2019 01:00;12
19.05.2019 02:00;10,7
19.05.2019 03:00;10,5
19.05.2019 04:00;10,3
19.05.2019 05:00;10,1
19.05.2019 06:00;12,3
19.05.2019 07:00;14,5
19.05.2019 08:00;16,7
19.05.2019 09:00;18,2
19.05.2019 10:00;19,7
19.05.2019 11:00;21,1
19.05.2019 12:00;21,6
19.05.2019 13:00;22
19.05.2019 14:00;22,5
19.05.2019 15:00;22,7
19.05.2019 16:00;22,7
19.05.2019 17:00;23,4
19.05.2019 18:00;23,4
19.05.2019 19:00;23,4
19.05.2019 20:00;19,9
19.05.2019 21:00;19,9
19.05.2019 22:00;19,9
19.05.2019 23:00;16,4
20.05.2019 00:00;16,4
20.05.2019 01:00;16,4
20.05.2019 02:00;13,5
20.05.2019 03:00;13,3
20.05.2019 04:00;13,2
20.05.2019 05:00;13
20.05.2019 06:00;15,2
20.05.2019 07:00;17,4
20.05.2019 08:00;19,7
20.05.2019 09:00;21,1
20.05.2019 10:00;22,5
20.05.2019 11:00;24
20.05.2019 12:00;24,3
20.05.2019 13:00;24,7
20.05.2019 14:00;25,1
20.05.2019 15:00;24,8
20.05.2019 16:00;24,8
20.05.2019 17:00;25,3
20.05.2019 18:00;25,3
20.05.2019 19:00;25,3
20.05.2019 20:00;21,6
20.05.2019 21:00;21,6
20.05.2019 22:00;21,6
20.05.2019 23:00;17,9
21.05.2019 00:00;17,9
21.05.2019 01:00;17,9
21.05.2019 02:00;15,3
21.05.2019 03:00;15,2
21.05.2019 04:00;15,1
21.05.2019 05:00;15,1
21.05.2019 06:00;16,7
21.05.2019 07:00;18,3
21.05.2019 08:00;19,9
21.05.2019 09:00;20,9
21.05.2019 10:00;21,9
21.05.2019 11:00;22,9
21.05.2019 12:00;23,8
21.05.2019 13:00;24,6
21.05.2019 14:00;25,5
21.05.2019 15:00;25,1
21.05.2019 16:00;25,1
21.05.2019 17:00;26
21.05.2019 18:00;26
21.05.2019 19:00;26
21.05.2019 20:00;22,3
21.05.2019 21:00;22,3
21.05.2019 22:00;22,3
21.05.2019 23:00;18,4
22.05.2019 00:00;18,4
22.05.2019 01:00;18,4
22.05.2019 02:00;16,4
22.05.2019 03:00;16,4
22.05.2019 04:00;16,4
22.05.2019 05:00;15,7
22.05.2019 06:00;15,7
22.05.2019 07:00;15,7
22.05.2019 08:00;22,1
22.05.2019 09:00;22,1
22.05.2019 10:00;22,1
22.05.2019 11:00;24,6
22.05.2019 12:00;24,6
22.05.2019 13:00;24,6
22.05.2019 14:00;25
22.05.2019 15:00;25
22.05.2019 16:00;25
22.05.2019 17:00;23,7
22.05.2019 18:00;23,7
22.05.2019 19:00;23,7
22.05.2019 20:00;20,9
22.05.2019 21:00;20,9
22.05.2019 22:00;20,9
22.05.2019 23:00;17,5
23.05.2019 00:00;17,5
23.05.2019 01:00;17,5
23.05.2019 02:00;15,3
23.05.2019 03:00;15,3
23.05.2019 04:00;15,3
23.05.2019 05:00;14,3
23.05.2019 06:00;14,3
23.05.2019 07:00;14,3
23.05.2019 08:00;16
23.05.2019 09:00;16
23.05.2019 10:00;16
23.05.2019 11:00;15,7
23.05.2019 12:00;15,7
23.05.2019 13:00;15,7
23.05.2019 14:00;15,6
23.05.2019 15:00;15,6
23.05.2019 16:00;15,6
23.05.2019 17:00;16,5
23.05.2019 18:00;16,5
23.05.2019 19:00;16,5
23.05.2019 20:00;15,6
23.05.2019 21:00;15,6
23.05.2019 22:00;15,6
23.05.2019 23:00;11,8
24.05.2019 00:00;11,8
24.05.2019 01:00;11,8
24.05.2019 02:00;9,2
24.05.2019 03:00;9,2
24.05.2019 04:00;9,2
24.05.2019 05:00;7,9
24.05.2019 06:00;7,9
24.05.2019 07:00;7,9
24.05.2019 08:00;10,3
24.05.2019 09:00;10,3
24.05.2019 10:00;10,3
24.05.2019 11:00;11,8
24.05.2019 12:00;11,8
24.05.2019 13:00;11,8
24.05.2019 14:00;14
24.05.2019 15:00;14
24.05.2019 16:00;14
24.05.2019 17:00;15,4
24.05.2019 18:00;15,4
24.05.2019 19:00;15,4
24.05.2019 20:00;14
24.05.2019 21:00;14
24.05.2019 22:00;14
24.05.2019 23:00;10,3
25.05.2019 00:00;13,4
25.05.2019 01:00;8,9
25.05.2019 02:00;9,3
25.05.2019 03:00;9,6
25.05.2019 04:00;10
25.05.2019 05:00;11,8
25.05.2019 06:00;13,6
25.05.2019 07:00;15,4
25.05.2019 08:00;15,3
25.05.2019 09:00;15,3
25.05.2019 10:00;15,2
25.05.2019 11:00;14,9
25.05.2019 12:00;14,5
25.05.2019 13:00;14,2
25.05.2019 14:00;14,7
25.05.2019 15:00;14,7
25.05.2019 16:00;14,2
25.05.2019 17:00;14,2
25.05.2019 18:00;14,2
25.05.2019 19:00;12,2
25.05.2019 20:00;12,2
25.05.2019 21:00;12,2
25.05.2019 22:00;9,1
25.05.2019 23:00;9,1
26.05.2019 00:00;9,1
26.05.2019 01:00;7,8
26.05.2019 02:00;7,8
26.05.2019 03:00;7,8
26.05.2019 04:00;7,7
26.05.2019 05:00;7,7
26.05.2019 06:00;7,7
26.05.2019 07:00;12,3
26.05.2019 08:00;12,3
26.05.2019 09:00;12,3
26.05.2019 10:00;15,3
26.05.2019 11:00;15,3
26.05.2019 12:00;15,3
26.05.2019 13:00;14,6
26.05.2019 14:00;14,6
26.05.2019 15:00;14,6
26.05.2019 16:00;10
26.05.2019 17:00;10
26.05.2019 18:00;10
26.05.2019 19:00;10
26.05.2019 20:00;10
26.05.2019 21:00;10
26.05.2019 22:00;6,9
26.05.2019 23:00;6,9
27.05.2019 00:00;6,9
27.05.2019 01:00;7,4
27.05.2019 02:00;7,5
27.05.2019 03:00;7,6
27.05.2019 04:00;7,8
27.05.2019 05:00;8,4
27.05.2019 06:00;9
27.05.2019 07:00;9,6
27.05.2019 08:00;10,3
27.05.2019 09:00;10,9
27.05.2019 10:00;11,5
27.05.2019 11:00;12,1
27.05.2019 12:00;12,6
27.05.2019 13:00;13,1
27.05.2019 14:00;12,4
27.05.2019 15:00;12,4
27.05.2019 16:00;13,3
27.05.2019 17:00;13,3
27.05.2019 18:00;13,3
27.05.2019 19:00;11,9
27.05.2019 20:00;11,9
27.05.2019 21:00;11,9
27.05.2019 22:00;10,6
27.05.2019 23:00;10,6
28.05.2019 00:00;10,6
28.05.2019 01:00;9,8
28.05.2019 02:00;9,9
28.05.2019 03:00;10
28.05.2019 04:00;10,2
28.05.2019 05:00;10,9
28.05.2019 06:00;11,7
28.05.2019 07:00;12,5
28.05.2019 08:00;13,7
28.05.2019 09:00;15
28.05.2019 10:00;16,3
28.05.2019 11:00;16,8
28.05.2019 12:00;17,2
28.05.2019 13:00;17,7
28.05.2019 14:00;18,3
28.05.2019 15:00;18,3
28.05.2019 16:00;17,1
28.05.2019 17:00;17,1
28.05.2019 18:00;17,1
28.05.2019 19:00;14,7
28.05.2019 20:00;14,7
28.05.2019 21:00;14,7
28.05.2019 22:00;14,6
28.05.2019 23:00;14,6
29.05.2019 00:00;14,6
29.05.2019 01:00;14,1
29.05.2019 02:00;13,9
29.05.2019 03:00;13,8
29.05.2019 04:00;13,6
29.05.2019 05:00;14
29.05.2019 06:00;14,5
29.05.2019 07:00;14,9
29.05.2019 08:00;14,3
29.05.2019 09:00;13,7
29.05.2019 10:00;13
29.05.2019 11:00;13,6
29.05.2019 12:00;14,1
29.05.2019 13:00;14,6
29.05.2019 14:00;14,2
29.05.2019 15:00;14,2
29.05.2019 16:00;15,3
29.05.2019 17:00;15,3
29.05.2019 18:00;15,3
29.05.2019 19:00;12,8
29.05.2019 20:00;12,8
29.05.2019 21:00;12,8
29.05.2019 22:00;8
29.05.2019 23:00;8
30.05.2019 00:00;8
30.05.2019 01:00;4,9
30.05.2019 02:00;4,9
30.05.2019 03:00;4,9
30.05.2019 04:00;4,8
30.05.2019 05:00;6,9
30.05.2019 06:00;9
30.05.2019 07:00;11,1
30.05.2019 08:00;12,2
30.05.2019 09:00;13,2
30.05.2019 10:00;14,2
30.05.2019 11:00;14,6
30.05.2019 12:00;14,9
30.05.2019 13:00;15,3
30.05.2019 14:00;15,5
30.05.2019 15:00;15,5
30.05.2019 16:00;15,8
30.05.2019 17:00;15,8
30.05.2019 18:00;15,8
30.05.2019 19:00;12,9
30.05.2019 20:00;12,9
30.05.2019 21:00;12,9
30.05.2019 22:00;8,4
30.05.2019 23:00;8,4
31.05.2019 00:00;8,4
31.05.2019 01:00;8,3
31.05.2019 02:00;8,3
31.05.2019 03:00;8,3
31.05.2019 04:00;8,2
31.05.2019 05:00;8,2
31.05.2019 06:00;8,2
31.05.2019 07:00;12,3
31.05.2019 08:00;12,3
31.05.2019 09:00;12,3
31.05.2019 10:00;13,4
31.05.2019 11:00;13,4
31.05.2019 12:00;13,4
31.05.2019 13:00;12,3
31.05.2019 14:00;12,3
31.05.2019 15:00;12,3
31.05.2019 16:00;12,7
31.05.2019 17:00;12,7
31.05.2019 18:00;12,7
31.05.2019 19:00;11,9
31.05.2019 20:00;11,9
31.05.2019 21:00;11,9
31.05.2019 22:00;9,4
31.05.2019 23:00;9,4
01.06.2019 00:00;8,4
01.06.2019 01:00;6
01.06.2019 02:00;6,1
01.06.2019 03:00;6,3
01.06.2019 04:00;6,4
01.06.2019 05:00;8,6
01.06.2019 06:00;10,7
01.06.2019 07:00;12,9
01.06.2019 08:00;14,1
01.06.2019 09:00;15,4
01.06.2019 10:00;16,6
01.06.2019 11:00;17
01.06.2019 12:00;17,3
01.06.2019 13:00;17,7
01.06.2019 14:00;17,5
01.06.2019 15:00;17,5
01.06.2019 16:00;18,5
01.06.2019 17:00;18,5
01.06.2019 18:00;18,5
01.06.2019 19:00;16,7
01.06.2019 20:00;16,7
01.06.2019 21:00;16,7
01.06.2019 22:00;13
01.06.2019 23:00;13
02.06.2019 00:00;13
02.06.2019 01:00;11,2
02.06.2019 02:00;11,2
02.06.2019 03:00;11,2
02.06.2019 04:00;11,4
02.06.2019 05:00;11,4
02.06.2019 06:00;11,4
02.06.2019 07:00;13,2
02.06.2019 08:00;13,2
02.06.2019 09:00;13,2
02.06.2019 10:00;14,8
02.06.2019 11:00;14,8
02.06.2019 12:00;14,8
02.06.2019 13:00;14,6
02.06.2019 14:00;14,6
02.06.2019 15:00;14,6
02.06.2019 16:00;14,5
02.06.2019 17:00;14,5
02.06.2019 18:00;14,5
02.06.2019 19:00;13,9
02.06.2019 20:00;13,9
02.06.2019 21:00;13,9
02.06.2019 22:00;9,4
02.06.2019 23:00;9,4
03.06.2019 00:00;8,9
03.06.2019 01:00;7,2
03.06.2019 02:00;7,1
03.06.2019 03:00;6,9
03.06.2019 04:00;6,8
03.06.2019 05:00;8,6
03.06.2019 06:00;10,4
03.06.2019 07:00;12,3
03.06.2019 08:00;13,4
03.06.2019 09:00;14,6
03.06.2019 10:00;15,8
03.06.2019 11:00;16,4
03.06.2019 12:00;17,1
03.06.2019 13:00;17,7
03.06.2019 14:00;17,7
03.06.2019 15:00;17,7
03.06.2019 16:00;19,4
03.06.2019 17:00;19,4
03.06.2019 18:00;19,4
03.06.2019 19:00;17,4
03.06.2019 20:00;17,4
03.06.2019 21:00;17,4
03.06.2019 22:00;14,1
03.06.2019 23:00;14,1
04.06.2019 00:00;14,1
04.06.2019 01:00;13,2
04.06.2019 02:00;13,4
04.06.2019 03:00;13,5
04.06.2019 04:00;13,7
04.06.2019 05:00;15,6
04.06.2019 06:00;17,6
04.06.2019 07:00;19,6
04.06.2019 08:00;21,1
04.06.2019 09:00;22,5
04.06.2019 10:00;24
04.06.2019 11:00;24,6
04.06.2019 12:00;25,2
04.06.2019 13:00;25,8
04.06.2019 14:00;25,5
04.06.2019 15:00;25,5
04.06.2019 16:00;26
04.06.2019 17:00;26
04.06.2019 18:00;26
04.06.2019 19:00;22,4
04.06.2019 20:00;22,4
04.06.2019 21:00;22,4
04.06.2019 22:00;19,2
04.06.2019 23:00;19,2
05.06.2019 00:00;19,2
05.06.2019 01:00;16,3
05.06.2019 02:00;16,2
05.06.2019 03:00;16,2
05.06.2019 04:00;16,1
05.06.2019 05:00;18,2
05.06.2019 06:00;20,2
05.06.2019 07:00;22,2
05.06.2019 08:00;23,7
05.06.2019 09:00;25,2
05.06.2019 10:00;26,7
05.06.2019 11:00;26,8
05.06.2019 12:00;27
05.06.2019 13:00;27,1
05.06.2019 14:00;26,6
05.06.2019 15:00;26,6
05.06.2019 16:00;27,3
05.06.2019 17:00;27,3
05.06.2019 18:00;27,3
05.06.2019 19:00;23,7
05.06.2019 20:00;23,7
05.06.2019 21:00;23,7
05.06.2019 22:00;19,4
05.06.2019 23:00;19,4
06.06.2019 00:00;19,4
06.06.2019 01:00;17,6
06.06.2019 02:00;17,8
06.06.2019 03:00;17,9
06.06.2019 04:00;18,1
06.06.2019 05:00;20
06.06.2019 06:00;22
06.06.2019 07:00;23,9
06.06.2019 08:00;25,5
06.06.2019 09:00;27,1
06.06.2019 10:00;28,8
06.06.2019 11:00;28,7
06.06.2019 12:00;28,7
06.06.2019 13:00;28,7
06.06.2019 14:00;27,9
06.06.2019 15:00;27,9
06.06.2019 16:00;27,7
06.06.2019 17:00;27,7
06.06.2019 18:00;27,7
06.06.2019 19:00;24,8
06.06.2019 20:00;24,8
06.06.2019 21:00;24,8
06.06.2019 22:00;21,1
06.06.2019 23:00;21,1
07.06.2019 00:00;21,1
07.06.2019 01:00;18,4
07.06.2019 02:00;18,4
07.06.2019 03:00;18,4
07.06.2019 04:00;18,6
07.06.2019 05:00;18,6
07.06.2019 06:00;18,6
07.06.2019 07:00;22,9
07.06.2019 08:00;22,9
07.06.2019 09:00;22,9
07.06.2019 10:00;27,5
07.06.2019 11:00;27,5
07.06.2019 12:00;27,5
07.06.2019 13:00;26,2
07.06.2019 14:00;26,2
07.06.2019 15:00;26,2
07.06.2019 16:00;23,9
07.06.2019 17:00;23,9
07.06.2019 18:00;23,9
07.06.2019 19:00;22,4
07.06.2019 20:00;22,4
07.06.2019 21:00;22,4
07.06.2019 22:00;20,8
07.06.2019 23:00;20,8
08.06.2019 00:00;20,8
08.06.2019 01:00;19,3
08.06.2019 02:00;19,3
08.06.2019 03:00;19,3
08.06.2019 04:00;19,9
08.06.2019 05:00;19,9
08.06.2019 06:00;19,9
08.06.2019 07:00;23,9
08.06.2019 08:00;23,9
08.06.2019 09:00;23,9
08.06.2019 10:00;27,1
08.06.2019 11:00;27,1
08.06.2019 12:00;27,1
08.06.2019 13:00;27,5
08.06.2019 14:00;27,5
08.06.2019 15:00;27,5
08.06.2019 16:00;25,1
08.06.2019 17:00;25,1
08.06.2019 18:00;25,1
08.06.2019 19:00;22,6
08.06.2019 20:00;22,6
08.06.2019 21:00;22,6
08.06.2019 22:00;20
08.06.2019 23:00;20
09.06.2019 00:00;20
09.06.2019 01:00;18,9
09.06.2019 02:00;18,9
09.06.2019 03:00;18,9
09.06.2019 04:00;18,8
09.06.2019 05:00;18,8
09.06.2019 06:00;18,8
09.06.2019 07:00;19,6
09.06.2019 08:00;19,6
09.06.2019 09:00;19,6
09.06.2019 10:00;20,6
09.06.2019 11:00;20,6
09.06.2019 12:00;20,6
09.06.2019 13:00;20,5
09.06.2019 14:00;20,5
09.06.2019 15:00;20,5
09.06.2019 16:00;21,9
09.06.2019 17:00;21,9
09.06.2019 18:00;21,9
09.06.2019 19:00;18,9
09.06.2019 20:00;18,9
09.06.2019 21:00;18,9
09.06.2019 22:00;14,3
09.06.2019 23:00;14,3
10.06.2019 00:00;14,3
10.06.2019 01:00;10,4
10.06.2019 02:00;10,4
10.06.2019 03:00;10,4
10.06.2019 04:00;11
10.06.2019 05:00;11
10.06.2019 06:00;11
10.06.2019 07:00;16,3
10.06.2019 08:00;16,3
10.06.2019 09:00;16,3
10.06.2019 10:00;20
10.06.2019 11:00;20
10.06.2019 12:00;20
10.06.2019 13:00;21,1
10.06.2019 14:00;21,1
10.06.2019 15:00;21,1
10.06.2019 16:00;21,6
10.06.2019 17:00;21,6
10.06.2019 18:00;21,6
10.06.2019 19:00;18,6
10.06.2019 20:00;18,6
10.06.2019 21:00;18,6
10.06.2019 22:00;14,8
10.06.2019 23:00;14,8
11.06.2019 00:00;14,8
11.06.2019 01:00;
11.06.2019 02:00;
11.06.2019 03:00;
11.06.2019 04:00;
11.06.2019 05:00;
11.06.2019 06:00;
11.06.2019 07:00;
11.06.2019 08:00;
11.06.2019 09:00;
11.06.2019 10:00;
11.06.2019 11:00;
11.06.2019 12:00;
11.06.2019 13:00;
11.06.2019 14:00;
11.06.2019 15:00;
11.06.2019 16:00;
11.06.2019 17:00;
11.06.2019 18:00;
11.06.2019 19:00;
11.06.2019 20:00;
11.06.2019 21:00;
11.06.2019 22:00;
11.06.2019 23:00;
12.06.2019 00:00;
12.06.2019 01:00;
12.06.2019 02:00;
12.06.2019 03:00;
12.06.2019 04:00;
12.06.2019 05:00;
12.06.2019 06:00;
12.06.2019 07:00;
12.06.2019 08:00;
12.06.2019 09:00;
12.06.2019 10:00;
12.06.2019 11:00;
12.06.2019 12:00;
12.06.2019 13:00;
12.06.2019 14:00;
12.06.2019 15:00;
12.06.2019 16:00;
12.06.2019 17:00;
12.06.2019 18:00;
12.06.2019 19:00;
12.06.2019 20:00;
12.06.2019 21:00;
12.06.2019 22:00;
12.06.2019 23:00;
13.06.2019 00:00;
13.06.2019 01:00;
13.06.2019 02:00;
13.06.2019 03:00;
13.06.2019 04:00;
13.06.2019 05:00;
13.06.2019 06:00;
13.06.2019 07:00;
13.06.2019 08:00;
13.06.2019 09:00;
13.06.2019 10:00;
13.06.2019 11:00;
13.06.2019 12:00;
13.06.2019 13:00;
13.06.2019 14:00;
13.06.2019 15:00;
13.06.2019 16:00;
13.06.2019 17:00;
13.06.2019 18:00;
13.06.2019 19:00;
13.06.2019 20:00;
13.06.2019 21:00;
13.06.2019 22:00;
13.06.2019 23:00;
14.06.2019 00:00;
14.06.2019 01:00;
14.06.2019 02:00;
14.06.2019 03:00;
14.06.2019 04:00;
14.06.2019 05:00;
14.06.2019 06:00;
14.06.2019 07:00;
14.06.2019 08:00;
14.06.2019 09:00;
14.06.2019 10:00;
14.06.2019 11:00;
14.06.2019 12:00;
14.06.2019 13:00;
14.06.2019 14:00;
14.06.2019 15:00;
14.06.2019 16:00;
14.06.2019 17:00;
14.06.2019 18:00;
14.06.2019 19:00;
14.06.2019 20:00;
14.06.2019 21:00;
14.06.2019 22:00;
14.06.2019 23:00;
15.06.2019 00:00;
15.06.2019 01:00;
15.06.2019 02:00;
15.06.2019 03:00;
15.06.2019 04:00;
15.06.2019 05:00;
15.06.2019 06:00;
15.06.2019 07:00;
15.06.2019 08:00;
15.06.2019 09:00;
15.06.2019 10:00;
15.06.2019 11:00;
15.06.2019 12:00;
15.06.2019 13:00;
15.06.2019 14:00;
15.06.2019 15:00;
15.06.2019 16:00;
15.06.2019 17:00;
15.06.2019 18:00;
15.06.2019 19:00;
15.06.2019 20:00;
15.06.2019 21:00;
15.06.2019 22:00;
15.06.2019 23:00;
16.06.2019 00:00;
16.06.2019 01:00;
16.06.2019 02:00;
16.06.2019 03:00;
16.06.2019 04:00;
16.06.2019 05:00;
16.06.2019 06:00;
16.06.2019 07:00;
16.06.2019 08:00;
16.06.2019 09:00;
16.06.2019 10:00;
16.06.2019 11:00;
16.06.2019 12:00;
16.06.2019 13:00;
16.06.2019 14:00;
16.06.2019 15:00;
16.06.2019 16:00;
16.06.2019 17:00;
16.06.2019 18:00;
16.06.2019 19:00;
16.06.2019 20:00;
16.06.2019 21:00;
16.06.2019 22:00;
16.06.2019 23:00;
17.06.2019 00:00;
17.06.2019 01:00;
17.06.2019 02:00;
17.06.2019 03:00;
17.06.2019 04:00;
17.06.2019 05:00;
17.06.2019 06:00;
17.06.2019 07:00;
17.06.2019 08:00;
17.06.2019 09:00;
17.06.2019 10:00;
17.06.2019 11:00;
17.06.2019 12:00;
17.06.2019 13:00;
17.06.2019 14:00;
17.06.2019 15:00;
17.06.2019 16:00;
17.06.2019 17:00;
17.06.2019 18:00;
17.06.2019 19:00;
17.06.2019 20:00;
17.06.2019 21:00;
17.06.2019 22:00;
17.06.2019 23:00;
18.06.2019 00:00;
18.06.2019 01:00;
18.06.2019 02:00;
18.06.2019 03:00;
18.06.2019 04:00;
18.06.2019 05:00;
18.06.2019 06:00;
18.06.2019 07:00;
18.06.2019 08:00;
18.06.2019 09:00;
18.06.2019 10:00;
18.06.2019 11:00;
18.06.2019 12:00;
18.06.2019 13:00;
18.06.2019 14:00;
18.06.2019 15:00;
18.06.2019 16:00;
18.06.2019 17:00;
18.06.2019 18:00;
18.06.2019 19:00;
18.06.2019 20:00;
18.06.2019 21:00;
18.06.2019 22:00;
18.06.2019 23:00;
19.06.2019 00:00;
19.06.2019 01:00;
19.06.2019 02:00;
19.06.2019 03:00;
19.06.2019 04:00;
19.06.2019 05:00;
19.06.2019 06:00;
19.06.2019 07:00;
19.06.2019 08:00;
19.06.2019 09:00;
19.06.2019 10:00;
19.06.2019 11:00;
19.06.2019 12:00;
19.06.2019 13:00;
19.06.2019 14:00;
19.06.2019 15:00;
19.06.2019 16:00;
19.06.2019 17:00;
19.06.2019 18:00;
19.06.2019 19:00;
19.06.2019 20:00;
19.06.2019 21:00;
19.06.2019 22:00;
19.06.2019 23:00;
20.06.2019 00:00;
20.06.2019 01:00;
20.06.2019 02:00;
20.06.2019 03:00;
20.06.2019 04:00;
20.06.2019 05:00;
20.06.2019 06:00;
20.06.2019 07:00;
20.06.2019 08:00;
20.06.2019 09:00;
20.06.2019 10:00;
20.06.2019 11:00;
20.06.2019 12:00;
20.06.2019 13:00;
20.06.2019 14:00;
20.06.2019 15:00;
20.06.2019 16:00;
20.06.2019 17:00;
20.06.2019 18:00;
20.06.2019 19:00;
20.06.2019 20:00;
20.06.2019 21:00;
20.06.2019 22:00;
20.06.2019 23:00;
21.06.2019 00:00;
21.06.2019 01:00;
21.06.2019 02:00;
21.06.2019 03:00;
21.06.2019 04:00;
21.06.2019 05:00;
21.06.2019 06:00;
21.06.2019 07:00;
21.06.2019 08:00;
21.06.2019 09:00;
21.06.2019 10:00;
21.06.2019 11:00;
21.06.2019 12:00;
21.06.2019 13:00;
21.06.2019 14:00;
21.06.2019 15:00;
21.06.2019 16:00;
21.06.2019 17:00;
21.06.2019 18:00;
21.06.2019 19:00;
